"INDICATOR","HFA_42"

"HFA_42","UNDP Human Development Index (HDI)"

"UNIT_TYPE","Unit"
"SCORE","score"

"EXTERNID","ID in the originating data source"

"DATA_SOURCE","Data source"
"HFA","European Health for All database"

"DATA_TYPE_REPRESENTATION","Data type representation"
"SCORE","Score"

"DATA_SET","Data set"
"HFA","European Health for All database (WHO)"

"DATA_MASK","Mask for controlling the output format of values"

"SEX","Sex"
"FEMALE","Female"
"MALE","Male"
"ALL","All"

"COUNTRY","COUNTRY_GRP","SEX","YEAR","VALUE"
"ALB","","ALL","1990","0.64"
"ALB","","ALL","1991","0.62"
"ALB","","ALL","1992","0.6"
"ALB","","ALL","1993","0.61"
"ALB","","ALL","1994","0.62"
"ALB","","ALL","1995","0.63"
"ALB","","ALL","1996","0.64"
"ALB","","ALL","1997","0.64"
"ALB","","ALL","1998","0.65"
"ALB","","ALL","1999","0.66"
"ALB","","ALL","2000","0.66"
"ALB","","ALL","2001","0.67"
"ALB","","ALL","2002","0.67"
"ALB","","ALL","2003","0.68"
"ALB","","ALL","2004","0.69"
"ALB","","ALL","2005","0.7"
"ALB","","ALL","2006","0.7"
"ALB","","ALL","2007","0.71"
"ALB","","ALL","2008","0.72"
"ALB","","ALL","2009","0.72"
"ALB","","ALL","2010","0.74"
"ALB","","ALL","2011","0.75"
"ALB","","ALL","2012","0.76"
"ALB","","ALL","2013","0.76"
"ALB","","ALL","2014","0.76"
"ALB","","ALL","2015","0.76"
"AND","","ALL","2010","0.82"
"AND","","ALL","2011","0.82"
"AND","","ALL","2012","0.84"
"AND","","ALL","2013","0.85"
"AND","","ALL","2014","0.86"
"AND","","ALL","2015","0.86"
"ARM","","ALL","1990","0.63"
"ARM","","ALL","1991","0.63"
"ARM","","ALL","1992","0.6"
"ARM","","ALL","1993","0.59"
"ARM","","ALL","1994","0.6"
"ARM","","ALL","1995","0.6"
"ARM","","ALL","1996","0.61"
"ARM","","ALL","1997","0.62"
"ARM","","ALL","1998","0.63"
"ARM","","ALL","1999","0.64"
"ARM","","ALL","2000","0.64"
"ARM","","ALL","2001","0.64"
"ARM","","ALL","2002","0.66"
"ARM","","ALL","2003","0.67"
"ARM","","ALL","2004","0.68"
"ARM","","ALL","2005","0.69"
"ARM","","ALL","2006","0.71"
"ARM","","ALL","2007","0.72"
"ARM","","ALL","2008","0.72"
"ARM","","ALL","2009","0.72"
"ARM","","ALL","2010","0.73"
"ARM","","ALL","2011","0.73"
"ARM","","ALL","2012","0.74"
"ARM","","ALL","2013","0.74"
"ARM","","ALL","2014","0.74"
"ARM","","ALL","2015","0.74"
"AUT","","ALL","1980","0.75"
"AUT","","ALL","1990","0.79"
"AUT","","ALL","1991","0.8"
"AUT","","ALL","1992","0.8"
"AUT","","ALL","1993","0.81"
"AUT","","ALL","1994","0.81"
"AUT","","ALL","1995","0.82"
"AUT","","ALL","1996","0.82"
"AUT","","ALL","1997","0.82"
"AUT","","ALL","1998","0.83"
"AUT","","ALL","1999","0.83"
"AUT","","ALL","2000","0.84"
"AUT","","ALL","2001","0.85"
"AUT","","ALL","2002","0.84"
"AUT","","ALL","2003","0.84"
"AUT","","ALL","2004","0.85"
"AUT","","ALL","2005","0.85"
"AUT","","ALL","2006","0.86"
"AUT","","ALL","2007","0.86"
"AUT","","ALL","2008","0.87"
"AUT","","ALL","2009","0.87"
"AUT","","ALL","2010","0.88"
"AUT","","ALL","2011","0.88"
"AUT","","ALL","2012","0.89"
"AUT","","ALL","2013","0.89"
"AUT","","ALL","2014","0.89"
"AUT","","ALL","2015","0.89"
"AZE","","ALL","1995","0.61"
"AZE","","ALL","1996","0.61"
"AZE","","ALL","1997","0.62"
"AZE","","ALL","1998","0.63"
"AZE","","ALL","1999","0.64"
"AZE","","ALL","2000","0.64"
"AZE","","ALL","2001","0.65"
"AZE","","ALL","2002","0.66"
"AZE","","ALL","2003","0.67"
"AZE","","ALL","2004","0.68"
"AZE","","ALL","2005","0.68"
"AZE","","ALL","2006","0.71"
"AZE","","ALL","2007","0.72"
"AZE","","ALL","2008","0.73"
"AZE","","ALL","2009","0.74"
"AZE","","ALL","2010","0.74"
"AZE","","ALL","2011","0.74"
"AZE","","ALL","2012","0.74"
"AZE","","ALL","2013","0.75"
"AZE","","ALL","2014","0.76"
"AZE","","ALL","2015","0.76"
"BEL","","ALL","1980","0.76"
"BEL","","ALL","1990","0.8"
"BEL","","ALL","1991","0.81"
"BEL","","ALL","1992","0.82"
"BEL","","ALL","1993","0.84"
"BEL","","ALL","1994","0.84"
"BEL","","ALL","1995","0.85"
"BEL","","ALL","1996","0.86"
"BEL","","ALL","1997","0.86"
"BEL","","ALL","1998","0.86"
"BEL","","ALL","1999","0.87"
"BEL","","ALL","2000","0.87"
"BEL","","ALL","2001","0.88"
"BEL","","ALL","2002","0.88"
"BEL","","ALL","2003","0.88"
"BEL","","ALL","2004","0.86"
"BEL","","ALL","2005","0.86"
"BEL","","ALL","2006","0.87"
"BEL","","ALL","2007","0.87"
"BEL","","ALL","2008","0.88"
"BEL","","ALL","2009","0.88"
"BEL","","ALL","2010","0.88"
"BEL","","ALL","2011","0.89"
"BEL","","ALL","2012","0.89"
"BEL","","ALL","2013","0.89"
"BEL","","ALL","2014","0.9"
"BEL","","ALL","2015","0.9"
"BGR","","ALL","1980","0.67"
"BGR","","ALL","1990","0.7"
"BGR","","ALL","1991","0.7"
"BGR","","ALL","1992","0.7"
"BGR","","ALL","1993","0.7"
"BGR","","ALL","1994","0.7"
"BGR","","ALL","1995","0.7"
"BGR","","ALL","1996","0.7"
"BGR","","ALL","1997","0.7"
"BGR","","ALL","1998","0.71"
"BGR","","ALL","1999","0.71"
"BGR","","ALL","2000","0.71"
"BGR","","ALL","2001","0.72"
"BGR","","ALL","2002","0.73"
"BGR","","ALL","2003","0.74"
"BGR","","ALL","2004","0.74"
"BGR","","ALL","2005","0.75"
"BGR","","ALL","2006","0.76"
"BGR","","ALL","2007","0.76"
"BGR","","ALL","2008","0.77"
"BGR","","ALL","2009","0.77"
"BGR","","ALL","2010","0.78"
"BGR","","ALL","2011","0.78"
"BGR","","ALL","2012","0.78"
"BGR","","ALL","2013","0.79"
"BGR","","ALL","2014","0.79"
"BGR","","ALL","2015","0.79"
"BIH","","ALL","2005","0.7"
"BIH","","ALL","2006","0.7"
"BIH","","ALL","2007","0.71"
"BIH","","ALL","2008","0.72"
"BIH","","ALL","2009","0.72"
"BIH","","ALL","2010","0.71"
"BIH","","ALL","2011","0.73"
"BIH","","ALL","2012","0.74"
"BIH","","ALL","2013","0.74"
"BIH","","ALL","2014","0.75"
"BIH","","ALL","2015","0.75"
"BLR","","ALL","1995","0.66"
"BLR","","ALL","1996","0.66"
"BLR","","ALL","1997","0.67"
"BLR","","ALL","1998","0.67"
"BLR","","ALL","1999","0.68"
"BLR","","ALL","2000","0.68"
"BLR","","ALL","2001","0.69"
"BLR","","ALL","2002","0.7"
"BLR","","ALL","2003","0.7"
"BLR","","ALL","2004","0.71"
"BLR","","ALL","2005","0.72"
"BLR","","ALL","2006","0.74"
"BLR","","ALL","2007","0.76"
"BLR","","ALL","2008","0.77"
"BLR","","ALL","2009","0.78"
"BLR","","ALL","2010","0.79"
"BLR","","ALL","2011","0.79"
"BLR","","ALL","2012","0.8"
"BLR","","ALL","2013","0.8"
"BLR","","ALL","2014","0.8"
"BLR","","ALL","2015","0.8"
"","CARINFONET","ALL","1990","0.64"
"","CARINFONET","ALL","1991","0.63"
"","CARINFONET","ALL","1992","0.63"
"","CARINFONET","ALL","1993","0.62"
"","CARINFONET","ALL","1994","0.62"
"","CARINFONET","ALL","1995","0.61"
"","CARINFONET","ALL","1996","0.61"
"","CARINFONET","ALL","1997","0.61"
"","CARINFONET","ALL","1998","0.61"
"","CARINFONET","ALL","1999","0.61"
"","CARINFONET","ALL","2000","0.62"
"","CARINFONET","ALL","2001","0.63"
"","CARINFONET","ALL","2002","0.63"
"","CARINFONET","ALL","2003","0.64"
"","CARINFONET","ALL","2004","0.65"
"","CARINFONET","ALL","2005","0.65"
"","CARINFONET","ALL","2006","0.66"
"","CARINFONET","ALL","2007","0.67"
"","CARINFONET","ALL","2008","0.67"
"","CARINFONET","ALL","2009","0.68"
"","CARINFONET","ALL","2010","0.68"
"","CARINFONET","ALL","2011","0.69"
"","CARINFONET","ALL","2012","0.7"
"","CARINFONET","ALL","2013","0.7"
"","CARINFONET","ALL","2014","0.71"
"","CARINFONET","ALL","2015","0.71"
"CHE","","ALL","1980","0.82"
"CHE","","ALL","1990","0.83"
"CHE","","ALL","1991","0.83"
"CHE","","ALL","1992","0.84"
"CHE","","ALL","1993","0.84"
"CHE","","ALL","1994","0.84"
"CHE","","ALL","1995","0.85"
"CHE","","ALL","1996","0.85"
"CHE","","ALL","1997","0.86"
"CHE","","ALL","1998","0.87"
"CHE","","ALL","1999","0.88"
"CHE","","ALL","2000","0.89"
"CHE","","ALL","2001","0.89"
"CHE","","ALL","2002","0.89"
"CHE","","ALL","2003","0.9"
"CHE","","ALL","2004","0.9"
"CHE","","ALL","2005","0.9"
"CHE","","ALL","2006","0.91"
"CHE","","ALL","2007","0.91"
"CHE","","ALL","2008","0.92"
"CHE","","ALL","2009","0.92"
"CHE","","ALL","2010","0.93"
"CHE","","ALL","2011","0.93"
"CHE","","ALL","2012","0.93"
"CHE","","ALL","2013","0.94"
"CHE","","ALL","2014","0.94"
"CHE","","ALL","2015","0.94"
"","CIS","ALL","1990","0.7"
"","CIS","ALL","1991","0.7"
"","CIS","ALL","1992","0.69"
"","CIS","ALL","1993","0.68"
"","CIS","ALL","1994","0.67"
"","CIS","ALL","1995","0.67"
"","CIS","ALL","1996","0.67"
"","CIS","ALL","1997","0.67"
"","CIS","ALL","1998","0.67"
"","CIS","ALL","1999","0.68"
"","CIS","ALL","2000","0.69"
"","CIS","ALL","2001","0.69"
"","CIS","ALL","2002","0.7"
"","CIS","ALL","2003","0.71"
"","CIS","ALL","2004","0.72"
"","CIS","ALL","2005","0.72"
"","CIS","ALL","2006","0.73"
"","CIS","ALL","2007","0.74"
"","CIS","ALL","2008","0.74"
"","CIS","ALL","2009","0.74"
"","CIS","ALL","2010","0.75"
"","CIS","ALL","2011","0.76"
"","CIS","ALL","2012","0.76"
"","CIS","ALL","2013","0.77"
"","CIS","ALL","2014","0.77"
"","CIS","ALL","2015","0.77"
"CYP","","ALL","1980","0.72"
"CYP","","ALL","1990","0.73"
"CYP","","ALL","1991","0.74"
"CYP","","ALL","1992","0.74"
"CYP","","ALL","1993","0.78"
"CYP","","ALL","1994","0.78"
"CYP","","ALL","1995","0.78"
"CYP","","ALL","1996","0.79"
"CYP","","ALL","1997","0.79"
"CYP","","ALL","1998","0.8"
"CYP","","ALL","1999","0.8"
"CYP","","ALL","2000","0.8"
"CYP","","ALL","2001","0.8"
"CYP","","ALL","2002","0.81"
"CYP","","ALL","2003","0.82"
"CYP","","ALL","2004","0.83"
"CYP","","ALL","2005","0.83"
"CYP","","ALL","2006","0.84"
"CYP","","ALL","2007","0.84"
"CYP","","ALL","2008","0.85"
"CYP","","ALL","2009","0.85"
"CYP","","ALL","2010","0.85"
"CYP","","ALL","2011","0.85"
"CYP","","ALL","2012","0.85"
"CYP","","ALL","2013","0.85"
"CYP","","ALL","2014","0.85"
"CYP","","ALL","2015","0.86"
"CZE","","ALL","1990","0.76"
"CZE","","ALL","1991","0.76"
"CZE","","ALL","1992","0.76"
"CZE","","ALL","1993","0.77"
"CZE","","ALL","1994","0.78"
"CZE","","ALL","1995","0.78"
"CZE","","ALL","1996","0.8"
"CZE","","ALL","1997","0.8"
"CZE","","ALL","1998","0.8"
"CZE","","ALL","1999","0.81"
"CZE","","ALL","2000","0.82"
"CZE","","ALL","2001","0.83"
"CZE","","ALL","2002","0.83"
"CZE","","ALL","2003","0.84"
"CZE","","ALL","2004","0.84"
"CZE","","ALL","2005","0.85"
"CZE","","ALL","2006","0.85"
"CZE","","ALL","2007","0.86"
"CZE","","ALL","2008","0.86"
"CZE","","ALL","2009","0.86"
"CZE","","ALL","2010","0.86"
"CZE","","ALL","2011","0.86"
"CZE","","ALL","2012","0.86"
"CZE","","ALL","2013","0.87"
"CZE","","ALL","2014","0.88"
"CZE","","ALL","2015","0.88"
"DEU","","ALL","1980","0.74"
"DEU","","ALL","1990","0.8"
"DEU","","ALL","1991","0.81"
"DEU","","ALL","1992","0.81"
"DEU","","ALL","1993","0.82"
"DEU","","ALL","1994","0.83"
"DEU","","ALL","1995","0.83"
"DEU","","ALL","1996","0.84"
"DEU","","ALL","1997","0.84"
"DEU","","ALL","1998","0.85"
"DEU","","ALL","1999","0.86"
"DEU","","ALL","2000","0.86"
"DEU","","ALL","2001","0.87"
"DEU","","ALL","2002","0.87"
"DEU","","ALL","2003","0.88"
"DEU","","ALL","2004","0.88"
"DEU","","ALL","2005","0.89"
"DEU","","ALL","2006","0.9"
"DEU","","ALL","2007","0.9"
"DEU","","ALL","2008","0.91"
"DEU","","ALL","2009","0.91"
"DEU","","ALL","2010","0.91"
"DEU","","ALL","2011","0.92"
"DEU","","ALL","2012","0.92"
"DEU","","ALL","2013","0.92"
"DEU","","ALL","2014","0.92"
"DEU","","ALL","2015","0.93"
"DNK","","ALL","1980","0.79"
"DNK","","ALL","1990","0.8"
"DNK","","ALL","1991","0.8"
"DNK","","ALL","1992","0.81"
"DNK","","ALL","1993","0.81"
"DNK","","ALL","1994","0.82"
"DNK","","ALL","1995","0.83"
"DNK","","ALL","1996","0.84"
"DNK","","ALL","1997","0.84"
"DNK","","ALL","1998","0.85"
"DNK","","ALL","1999","0.86"
"DNK","","ALL","2000","0.86"
"DNK","","ALL","2001","0.88"
"DNK","","ALL","2002","0.88"
"DNK","","ALL","2003","0.89"
"DNK","","ALL","2004","0.9"
"DNK","","ALL","2005","0.9"
"DNK","","ALL","2006","0.9"
"DNK","","ALL","2007","0.91"
"DNK","","ALL","2008","0.91"
"DNK","","ALL","2009","0.91"
"DNK","","ALL","2010","0.91"
"DNK","","ALL","2011","0.92"
"DNK","","ALL","2012","0.92"
"DNK","","ALL","2013","0.93"
"DNK","","ALL","2014","0.92"
"DNK","","ALL","2015","0.92"
"ESP","","ALL","1980","0.7"
"ESP","","ALL","1990","0.76"
"ESP","","ALL","1991","0.76"
"ESP","","ALL","1992","0.77"
"ESP","","ALL","1993","0.78"
"ESP","","ALL","1994","0.79"
"ESP","","ALL","1995","0.8"
"ESP","","ALL","1996","0.81"
"ESP","","ALL","1997","0.81"
"ESP","","ALL","1998","0.81"
"ESP","","ALL","1999","0.82"
"ESP","","ALL","2000","0.82"
"ESP","","ALL","2001","0.83"
"ESP","","ALL","2002","0.83"
"ESP","","ALL","2003","0.83"
"ESP","","ALL","2004","0.84"
"ESP","","ALL","2005","0.84"
"ESP","","ALL","2006","0.85"
"ESP","","ALL","2007","0.85"
"ESP","","ALL","2008","0.86"
"ESP","","ALL","2009","0.86"
"ESP","","ALL","2010","0.87"
"ESP","","ALL","2011","0.87"
"ESP","","ALL","2012","0.87"
"ESP","","ALL","2013","0.88"
"ESP","","ALL","2014","0.88"
"ESP","","ALL","2015","0.88"
"EST","","ALL","1990","0.73"
"EST","","ALL","1991","0.72"
"EST","","ALL","1992","0.72"
"EST","","ALL","1993","0.71"
"EST","","ALL","1994","0.71"
"EST","","ALL","1995","0.72"
"EST","","ALL","1996","0.73"
"EST","","ALL","1997","0.75"
"EST","","ALL","1998","0.76"
"EST","","ALL","1999","0.76"
"EST","","ALL","2000","0.78"
"EST","","ALL","2001","0.79"
"EST","","ALL","2002","0.8"
"EST","","ALL","2003","0.8"
"EST","","ALL","2004","0.81"
"EST","","ALL","2005","0.82"
"EST","","ALL","2006","0.83"
"EST","","ALL","2007","0.84"
"EST","","ALL","2008","0.84"
"EST","","ALL","2009","0.83"
"EST","","ALL","2010","0.84"
"EST","","ALL","2011","0.85"
"EST","","ALL","2012","0.86"
"EST","","ALL","2013","0.86"
"EST","","ALL","2014","0.86"
"EST","","ALL","2015","0.86"
"","EU_AFTER_MAY2004","ALL","1990","0.71"
"","EU_AFTER_MAY2004","ALL","1991","0.71"
"","EU_AFTER_MAY2004","ALL","1992","0.71"
"","EU_AFTER_MAY2004","ALL","1993","0.71"
"","EU_AFTER_MAY2004","ALL","1994","0.72"
"","EU_AFTER_MAY2004","ALL","1995","0.73"
"","EU_AFTER_MAY2004","ALL","1996","0.73"
"","EU_AFTER_MAY2004","ALL","1997","0.74"
"","EU_AFTER_MAY2004","ALL","1998","0.75"
"","EU_AFTER_MAY2004","ALL","1999","0.76"
"","EU_AFTER_MAY2004","ALL","2000","0.76"
"","EU_AFTER_MAY2004","ALL","2001","0.77"
"","EU_AFTER_MAY2004","ALL","2002","0.78"
"","EU_AFTER_MAY2004","ALL","2003","0.78"
"","EU_AFTER_MAY2004","ALL","2004","0.79"
"","EU_AFTER_MAY2004","ALL","2005","0.79"
"","EU_AFTER_MAY2004","ALL","2006","0.8"
"","EU_AFTER_MAY2004","ALL","2007","0.81"
"","EU_AFTER_MAY2004","ALL","2008","0.81"
"","EU_AFTER_MAY2004","ALL","2009","0.82"
"","EU_AFTER_MAY2004","ALL","2010","0.82"
"","EU_AFTER_MAY2004","ALL","2011","0.82"
"","EU_AFTER_MAY2004","ALL","2012","0.83"
"","EU_AFTER_MAY2004","ALL","2013","0.83"
"","EU_AFTER_MAY2004","ALL","2014","0.84"
"","EU_AFTER_MAY2004","ALL","2015","0.84"
"","EU_BEFORE_FEB2020","ALL","1980","0.73"
"","EU_BEFORE_FEB2020","ALL","1990","0.76"
"","EU_BEFORE_FEB2020","ALL","1991","0.76"
"","EU_BEFORE_FEB2020","ALL","1992","0.77"
"","EU_BEFORE_FEB2020","ALL","1993","0.78"
"","EU_BEFORE_FEB2020","ALL","1994","0.78"
"","EU_BEFORE_FEB2020","ALL","1995","0.79"
"","EU_BEFORE_FEB2020","ALL","1996","0.79"
"","EU_BEFORE_FEB2020","ALL","1997","0.8"
"","EU_BEFORE_FEB2020","ALL","1998","0.8"
"","EU_BEFORE_FEB2020","ALL","1999","0.81"
"","EU_BEFORE_FEB2020","ALL","2000","0.81"
"","EU_BEFORE_FEB2020","ALL","2001","0.82"
"","EU_BEFORE_FEB2020","ALL","2002","0.82"
"","EU_BEFORE_FEB2020","ALL","2003","0.83"
"","EU_BEFORE_FEB2020","ALL","2004","0.83"
"","EU_BEFORE_FEB2020","ALL","2005","0.84"
"","EU_BEFORE_FEB2020","ALL","2006","0.84"
"","EU_BEFORE_FEB2020","ALL","2007","0.85"
"","EU_BEFORE_FEB2020","ALL","2008","0.85"
"","EU_BEFORE_FEB2020","ALL","2009","0.85"
"","EU_BEFORE_FEB2020","ALL","2010","0.86"
"","EU_BEFORE_FEB2020","ALL","2011","0.86"
"","EU_BEFORE_FEB2020","ALL","2012","0.86"
"","EU_BEFORE_FEB2020","ALL","2013","0.86"
"","EU_BEFORE_FEB2020","ALL","2014","0.87"
"","EU_BEFORE_FEB2020","ALL","2015","0.87"
"","EU_BEFORE_MAY2004","ALL","1980","0.73"
"","EU_BEFORE_MAY2004","ALL","1990","0.78"
"","EU_BEFORE_MAY2004","ALL","1991","0.78"
"","EU_BEFORE_MAY2004","ALL","1992","0.79"
"","EU_BEFORE_MAY2004","ALL","1993","0.79"
"","EU_BEFORE_MAY2004","ALL","1994","0.8"
"","EU_BEFORE_MAY2004","ALL","1995","0.81"
"","EU_BEFORE_MAY2004","ALL","1996","0.81"
"","EU_BEFORE_MAY2004","ALL","1997","0.82"
"","EU_BEFORE_MAY2004","ALL","1998","0.82"
"","EU_BEFORE_MAY2004","ALL","1999","0.82"
"","EU_BEFORE_MAY2004","ALL","2000","0.83"
"","EU_BEFORE_MAY2004","ALL","2001","0.83"
"","EU_BEFORE_MAY2004","ALL","2002","0.84"
"","EU_BEFORE_MAY2004","ALL","2003","0.84"
"","EU_BEFORE_MAY2004","ALL","2004","0.84"
"","EU_BEFORE_MAY2004","ALL","2005","0.85"
"","EU_BEFORE_MAY2004","ALL","2006","0.85"
"","EU_BEFORE_MAY2004","ALL","2007","0.86"
"","EU_BEFORE_MAY2004","ALL","2008","0.86"
"","EU_BEFORE_MAY2004","ALL","2009","0.86"
"","EU_BEFORE_MAY2004","ALL","2010","0.86"
"","EU_BEFORE_MAY2004","ALL","2011","0.87"
"","EU_BEFORE_MAY2004","ALL","2012","0.87"
"","EU_BEFORE_MAY2004","ALL","2013","0.87"
"","EU_BEFORE_MAY2004","ALL","2014","0.87"
"","EU_BEFORE_MAY2004","ALL","2015","0.88"
"","EU_MEMBERS","ALL","1980","0.73"
"","EU_MEMBERS","ALL","1990","0.76"
"","EU_MEMBERS","ALL","1991","0.77"
"","EU_MEMBERS","ALL","1992","0.77"
"","EU_MEMBERS","ALL","1993","0.78"
"","EU_MEMBERS","ALL","1994","0.79"
"","EU_MEMBERS","ALL","1995","0.8"
"","EU_MEMBERS","ALL","1996","0.8"
"","EU_MEMBERS","ALL","1997","0.81"
"","EU_MEMBERS","ALL","1998","0.81"
"","EU_MEMBERS","ALL","1999","0.82"
"","EU_MEMBERS","ALL","2000","0.82"
"","EU_MEMBERS","ALL","2001","0.83"
"","EU_MEMBERS","ALL","2002","0.83"
"","EU_MEMBERS","ALL","2003","0.84"
"","EU_MEMBERS","ALL","2004","0.84"
"","EU_MEMBERS","ALL","2005","0.85"
"","EU_MEMBERS","ALL","2006","0.86"
"","EU_MEMBERS","ALL","2007","0.86"
"","EU_MEMBERS","ALL","2008","0.86"
"","EU_MEMBERS","ALL","2009","0.86"
"","EU_MEMBERS","ALL","2010","0.87"
"","EU_MEMBERS","ALL","2011","0.87"
"","EU_MEMBERS","ALL","2012","0.88"
"","EU_MEMBERS","ALL","2013","0.88"
"","EU_MEMBERS","ALL","2014","0.88"
"","EU_MEMBERS","ALL","2015","0.89"
"FIN","","ALL","1980","0.77"
"FIN","","ALL","1990","0.78"
"FIN","","ALL","1991","0.79"
"FIN","","ALL","1992","0.79"
"FIN","","ALL","1993","0.8"
"FIN","","ALL","1994","0.81"
"FIN","","ALL","1995","0.81"
"FIN","","ALL","1996","0.82"
"FIN","","ALL","1997","0.83"
"FIN","","ALL","1998","0.84"
"FIN","","ALL","1999","0.85"
"FIN","","ALL","2000","0.86"
"FIN","","ALL","2001","0.86"
"FIN","","ALL","2002","0.87"
"FIN","","ALL","2003","0.87"
"FIN","","ALL","2004","0.86"
"FIN","","ALL","2005","0.87"
"FIN","","ALL","2006","0.87"
"FIN","","ALL","2007","0.88"
"FIN","","ALL","2008","0.88"
"FIN","","ALL","2009","0.87"
"FIN","","ALL","2010","0.88"
"FIN","","ALL","2011","0.88"
"FIN","","ALL","2012","0.89"
"FIN","","ALL","2013","0.89"
"FIN","","ALL","2014","0.89"
"FIN","","ALL","2015","0.9"
"FRA","","ALL","1980","0.73"
"FRA","","ALL","1990","0.78"
"FRA","","ALL","1991","0.79"
"FRA","","ALL","1992","0.8"
"FRA","","ALL","1993","0.8"
"FRA","","ALL","1994","0.82"
"FRA","","ALL","1995","0.82"
"FRA","","ALL","1996","0.83"
"FRA","","ALL","1997","0.83"
"FRA","","ALL","1998","0.84"
"FRA","","ALL","1999","0.84"
"FRA","","ALL","2000","0.85"
"FRA","","ALL","2001","0.85"
"FRA","","ALL","2002","0.85"
"FRA","","ALL","2003","0.86"
"FRA","","ALL","2004","0.86"
"FRA","","ALL","2005","0.87"
"FRA","","ALL","2006","0.87"
"FRA","","ALL","2007","0.88"
"FRA","","ALL","2008","0.88"
"FRA","","ALL","2009","0.88"
"FRA","","ALL","2010","0.88"
"FRA","","ALL","2011","0.88"
"FRA","","ALL","2012","0.89"
"FRA","","ALL","2013","0.89"
"FRA","","ALL","2014","0.89"
"FRA","","ALL","2015","0.9"
"GBR","","ALL","1980","0.75"
"GEO","","ALL","2000","0.67"
"GEO","","ALL","2001","0.68"
"GEO","","ALL","2002","0.68"
"GEO","","ALL","2003","0.69"
"GEO","","ALL","2004","0.7"
"GEO","","ALL","2005","0.71"
"GEO","","ALL","2006","0.72"
"GEO","","ALL","2007","0.74"
"GEO","","ALL","2008","0.73"
"GEO","","ALL","2009","0.74"
"GEO","","ALL","2010","0.74"
"GEO","","ALL","2011","0.75"
"GEO","","ALL","2012","0.76"
"GEO","","ALL","2013","0.76"
"GEO","","ALL","2014","0.77"
"GEO","","ALL","2015","0.77"
"GRC","","ALL","1980","0.73"
"GRC","","ALL","1990","0.76"
"GRC","","ALL","1991","0.77"
"GRC","","ALL","1992","0.77"
"GRC","","ALL","1993","0.77"
"GRC","","ALL","1994","0.77"
"GRC","","ALL","1995","0.77"
"GRC","","ALL","1996","0.78"
"GRC","","ALL","1997","0.78"
"GRC","","ALL","1998","0.79"
"GRC","","ALL","1999","0.79"
"GRC","","ALL","2000","0.8"
"GRC","","ALL","2001","0.81"
"GRC","","ALL","2002","0.82"
"GRC","","ALL","2003","0.83"
"GRC","","ALL","2004","0.84"
"GRC","","ALL","2005","0.85"
"GRC","","ALL","2006","0.86"
"GRC","","ALL","2007","0.85"
"GRC","","ALL","2008","0.86"
"GRC","","ALL","2009","0.86"
"GRC","","ALL","2010","0.86"
"GRC","","ALL","2011","0.86"
"GRC","","ALL","2012","0.86"
"GRC","","ALL","2013","0.86"
"GRC","","ALL","2014","0.86"
"GRC","","ALL","2015","0.87"
"HRV","","ALL","1990","0.67"
"HRV","","ALL","1991","0.66"
"HRV","","ALL","1992","0.66"
"HRV","","ALL","1993","0.67"
"HRV","","ALL","1994","0.68"
"HRV","","ALL","1995","0.7"
"HRV","","ALL","1996","0.71"
"HRV","","ALL","1997","0.72"
"HRV","","ALL","1998","0.73"
"HRV","","ALL","1999","0.74"
"HRV","","ALL","2000","0.75"
"HRV","","ALL","2001","0.76"
"HRV","","ALL","2002","0.76"
"HRV","","ALL","2003","0.77"
"HRV","","ALL","2004","0.78"
"HRV","","ALL","2005","0.78"
"HRV","","ALL","2006","0.79"
"HRV","","ALL","2007","0.8"
"HRV","","ALL","2008","0.8"
"HRV","","ALL","2009","0.8"
"HRV","","ALL","2010","0.81"
"HRV","","ALL","2011","0.81"
"HRV","","ALL","2012","0.82"
"HRV","","ALL","2013","0.82"
"HRV","","ALL","2014","0.82"
"HRV","","ALL","2015","0.83"
"HUN","","ALL","1980","0.71"
"HUN","","ALL","1990","0.7"
"HUN","","ALL","1991","0.7"
"HUN","","ALL","1992","0.71"
"HUN","","ALL","1993","0.72"
"HUN","","ALL","1994","0.73"
"HUN","","ALL","1995","0.74"
"HUN","","ALL","1996","0.74"
"HUN","","ALL","1997","0.75"
"HUN","","ALL","1998","0.75"
"HUN","","ALL","1999","0.76"
"HUN","","ALL","2000","0.77"
"HUN","","ALL","2001","0.78"
"HUN","","ALL","2002","0.78"
"HUN","","ALL","2003","0.79"
"HUN","","ALL","2004","0.8"
"HUN","","ALL","2005","0.8"
"HUN","","ALL","2006","0.81"
"HUN","","ALL","2007","0.81"
"HUN","","ALL","2008","0.82"
"HUN","","ALL","2009","0.82"
"HUN","","ALL","2010","0.82"
"HUN","","ALL","2011","0.82"
"HUN","","ALL","2012","0.82"
"HUN","","ALL","2013","0.83"
"HUN","","ALL","2014","0.83"
"HUN","","ALL","2015","0.84"
"IRL","","ALL","1980","0.74"
"IRL","","ALL","1990","0.76"
"IRL","","ALL","1991","0.77"
"IRL","","ALL","1992","0.77"
"IRL","","ALL","1993","0.78"
"IRL","","ALL","1994","0.79"
"IRL","","ALL","1995","0.79"
"IRL","","ALL","1996","0.8"
"IRL","","ALL","1997","0.81"
"IRL","","ALL","1998","0.84"
"IRL","","ALL","1999","0.85"
"IRL","","ALL","2000","0.86"
"IRL","","ALL","2001","0.86"
"IRL","","ALL","2002","0.87"
"IRL","","ALL","2003","0.88"
"IRL","","ALL","2004","0.89"
"IRL","","ALL","2005","0.9"
"IRL","","ALL","2006","0.9"
"IRL","","ALL","2007","0.91"
"IRL","","ALL","2008","0.91"
"IRL","","ALL","2009","0.91"
"IRL","","ALL","2010","0.91"
"IRL","","ALL","2011","0.9"
"IRL","","ALL","2012","0.9"
"IRL","","ALL","2013","0.91"
"IRL","","ALL","2014","0.92"
"IRL","","ALL","2015","0.92"
"ISL","","ALL","1980","0.77"
"ISL","","ALL","1990","0.8"
"ISL","","ALL","1991","0.81"
"ISL","","ALL","1992","0.81"
"ISL","","ALL","1993","0.81"
"ISL","","ALL","1994","0.82"
"ISL","","ALL","1995","0.82"
"ISL","","ALL","1996","0.82"
"ISL","","ALL","1997","0.83"
"ISL","","ALL","1998","0.84"
"ISL","","ALL","1999","0.85"
"ISL","","ALL","2000","0.85"
"ISL","","ALL","2001","0.86"
"ISL","","ALL","2002","0.87"
"ISL","","ALL","2003","0.87"
"ISL","","ALL","2004","0.88"
"ISL","","ALL","2005","0.88"
"ISL","","ALL","2006","0.89"
"ISL","","ALL","2007","0.89"
"ISL","","ALL","2008","0.89"
"ISL","","ALL","2009","0.89"
"ISL","","ALL","2010","0.89"
"ISL","","ALL","2011","0.9"
"ISL","","ALL","2012","0.91"
"ISL","","ALL","2013","0.92"
"ISL","","ALL","2014","0.92"
"ISL","","ALL","2015","0.92"
"ISR","","ALL","1980","0.77"
"ISR","","ALL","1990","0.78"
"ISR","","ALL","1991","0.79"
"ISR","","ALL","1992","0.8"
"ISR","","ALL","1993","0.81"
"ISR","","ALL","1994","0.81"
"ISR","","ALL","1995","0.82"
"ISR","","ALL","1996","0.82"
"ISR","","ALL","1997","0.83"
"ISR","","ALL","1998","0.84"
"ISR","","ALL","1999","0.84"
"ISR","","ALL","2000","0.85"
"ISR","","ALL","2001","0.86"
"ISR","","ALL","2002","0.86"
"ISR","","ALL","2003","0.86"
"ISR","","ALL","2004","0.87"
"ISR","","ALL","2005","0.87"
"ISR","","ALL","2006","0.87"
"ISR","","ALL","2007","0.88"
"ISR","","ALL","2008","0.88"
"ISR","","ALL","2009","0.88"
"ISR","","ALL","2010","0.88"
"ISR","","ALL","2011","0.89"
"ISR","","ALL","2012","0.89"
"ISR","","ALL","2013","0.9"
"ISR","","ALL","2014","0.9"
"ISR","","ALL","2015","0.9"
"ITA","","ALL","1980","0.72"
"ITA","","ALL","1990","0.77"
"ITA","","ALL","1991","0.77"
"ITA","","ALL","1992","0.78"
"ITA","","ALL","1993","0.78"
"ITA","","ALL","1994","0.79"
"ITA","","ALL","1995","0.8"
"ITA","","ALL","1996","0.8"
"ITA","","ALL","1997","0.81"
"ITA","","ALL","1998","0.82"
"ITA","","ALL","1999","0.82"
"ITA","","ALL","2000","0.83"
"ITA","","ALL","2001","0.84"
"ITA","","ALL","2002","0.84"
"ITA","","ALL","2003","0.85"
"ITA","","ALL","2004","0.85"
"ITA","","ALL","2005","0.86"
"ITA","","ALL","2006","0.86"
"ITA","","ALL","2007","0.87"
"ITA","","ALL","2008","0.87"
"ITA","","ALL","2009","0.87"
"ITA","","ALL","2010","0.87"
"ITA","","ALL","2011","0.88"
"ITA","","ALL","2012","0.88"
"ITA","","ALL","2013","0.88"
"ITA","","ALL","2014","0.88"
"ITA","","ALL","2015","0.89"
"KAZ","","ALL","1990","0.69"
"KAZ","","ALL","1991","0.68"
"KAZ","","ALL","1992","0.68"
"KAZ","","ALL","1993","0.68"
"KAZ","","ALL","1994","0.67"
"KAZ","","ALL","1995","0.66"
"KAZ","","ALL","1996","0.67"
"KAZ","","ALL","1997","0.67"
"KAZ","","ALL","1998","0.67"
"KAZ","","ALL","1999","0.68"
"KAZ","","ALL","2000","0.69"
"KAZ","","ALL","2001","0.7"
"KAZ","","ALL","2002","0.71"
"KAZ","","ALL","2003","0.72"
"KAZ","","ALL","2004","0.74"
"KAZ","","ALL","2005","0.75"
"KAZ","","ALL","2006","0.75"
"KAZ","","ALL","2007","0.76"
"KAZ","","ALL","2008","0.76"
"KAZ","","ALL","2009","0.76"
"KAZ","","ALL","2010","0.77"
"KAZ","","ALL","2011","0.77"
"KAZ","","ALL","2012","0.78"
"KAZ","","ALL","2013","0.79"
"KAZ","","ALL","2014","0.79"
"KAZ","","ALL","2015","0.79"
"KGZ","","ALL","1990","0.62"
"KGZ","","ALL","1991","0.61"
"KGZ","","ALL","1992","0.6"
"KGZ","","ALL","1993","0.59"
"KGZ","","ALL","1994","0.57"
"KGZ","","ALL","1995","0.56"
"KGZ","","ALL","1996","0.57"
"KGZ","","ALL","1997","0.58"
"KGZ","","ALL","1998","0.58"
"KGZ","","ALL","1999","0.59"
"KGZ","","ALL","2000","0.59"
"KGZ","","ALL","2001","0.6"
"KGZ","","ALL","2002","0.6"
"KGZ","","ALL","2003","0.61"
"KGZ","","ALL","2004","0.61"
"KGZ","","ALL","2005","0.61"
"KGZ","","ALL","2006","0.62"
"KGZ","","ALL","2007","0.62"
"KGZ","","ALL","2008","0.63"
"KGZ","","ALL","2009","0.63"
"KGZ","","ALL","2010","0.63"
"KGZ","","ALL","2011","0.64"
"KGZ","","ALL","2012","0.65"
"KGZ","","ALL","2013","0.66"
"KGZ","","ALL","2014","0.66"
"KGZ","","ALL","2015","0.66"
"LTU","","ALL","1990","0.73"
"LTU","","ALL","1991","0.73"
"LTU","","ALL","1992","0.71"
"LTU","","ALL","1993","0.7"
"LTU","","ALL","1994","0.7"
"LTU","","ALL","1995","0.7"
"LTU","","ALL","1996","0.71"
"LTU","","ALL","1997","0.72"
"LTU","","ALL","1998","0.74"
"LTU","","ALL","1999","0.74"
"LTU","","ALL","2000","0.76"
"LTU","","ALL","2001","0.77"
"LTU","","ALL","2002","0.78"
"LTU","","ALL","2003","0.79"
"LTU","","ALL","2004","0.8"
"LTU","","ALL","2005","0.81"
"LTU","","ALL","2006","0.81"
"LTU","","ALL","2007","0.82"
"LTU","","ALL","2008","0.82"
"LTU","","ALL","2009","0.82"
"LTU","","ALL","2010","0.83"
"LTU","","ALL","2011","0.83"
"LTU","","ALL","2012","0.83"
"LTU","","ALL","2013","0.84"
"LTU","","ALL","2014","0.85"
"LTU","","ALL","2015","0.85"
"LUX","","ALL","1980","0.74"
"LUX","","ALL","1990","0.78"
"LUX","","ALL","1991","0.79"
"LUX","","ALL","1992","0.8"
"LUX","","ALL","1993","0.8"
"LUX","","ALL","1994","0.8"
"LUX","","ALL","1995","0.81"
"LUX","","ALL","1996","0.82"
"LUX","","ALL","1997","0.83"
"LUX","","ALL","1998","0.83"
"LUX","","ALL","1999","0.85"
"LUX","","ALL","2000","0.85"
"LUX","","ALL","2001","0.86"
"LUX","","ALL","2002","0.86"
"LUX","","ALL","2003","0.87"
"LUX","","ALL","2004","0.87"
"LUX","","ALL","2005","0.88"
"LUX","","ALL","2006","0.88"
"LUX","","ALL","2007","0.89"
"LUX","","ALL","2008","0.89"
"LUX","","ALL","2009","0.88"
"LUX","","ALL","2010","0.89"
"LUX","","ALL","2011","0.89"
"LUX","","ALL","2012","0.89"
"LUX","","ALL","2013","0.89"
"LUX","","ALL","2014","0.9"
"LUX","","ALL","2015","0.9"
"LVA","","ALL","1980","0.68"
"LVA","","ALL","1990","0.7"
"LVA","","ALL","1991","0.7"
"LVA","","ALL","1992","0.68"
"LVA","","ALL","1993","0.67"
"LVA","","ALL","1994","0.67"
"LVA","","ALL","1995","0.67"
"LVA","","ALL","1996","0.68"
"LVA","","ALL","1997","0.69"
"LVA","","ALL","1998","0.7"
"LVA","","ALL","1999","0.72"
"LVA","","ALL","2000","0.73"
"LVA","","ALL","2001","0.75"
"LVA","","ALL","2002","0.76"
"LVA","","ALL","2003","0.78"
"LVA","","ALL","2004","0.79"
"LVA","","ALL","2005","0.81"
"LVA","","ALL","2006","0.81"
"LVA","","ALL","2007","0.82"
"LVA","","ALL","2008","0.82"
"LVA","","ALL","2009","0.81"
"LVA","","ALL","2010","0.81"
"LVA","","ALL","2011","0.81"
"LVA","","ALL","2012","0.81"
"LVA","","ALL","2013","0.82"
"LVA","","ALL","2014","0.83"
"LVA","","ALL","2015","0.83"
"MLT","","ALL","1980","0.71"
"MLT","","ALL","1990","0.74"
"MLT","","ALL","1991","0.74"
"MLT","","ALL","1992","0.75"
"MLT","","ALL","1993","0.75"
"MLT","","ALL","1994","0.75"
"MLT","","ALL","1995","0.76"
"MLT","","ALL","1996","0.76"
"MLT","","ALL","1997","0.77"
"MLT","","ALL","1998","0.78"
"MLT","","ALL","1999","0.78"
"MLT","","ALL","2000","0.78"
"MLT","","ALL","2001","0.79"
"MLT","","ALL","2002","0.79"
"MLT","","ALL","2003","0.8"
"MLT","","ALL","2004","0.8"
"MLT","","ALL","2005","0.81"
"MLT","","ALL","2006","0.81"
"MLT","","ALL","2007","0.81"
"MLT","","ALL","2008","0.81"
"MLT","","ALL","2009","0.82"
"MLT","","ALL","2010","0.83"
"MLT","","ALL","2011","0.82"
"MLT","","ALL","2012","0.83"
"MLT","","ALL","2013","0.85"
"MLT","","ALL","2014","0.85"
"MLT","","ALL","2015","0.86"
"MNE","","ALL","2003","0.74"
"MNE","","ALL","2004","0.75"
"MNE","","ALL","2005","0.75"
"MNE","","ALL","2006","0.76"
"MNE","","ALL","2007","0.77"
"MNE","","ALL","2008","0.78"
"MNE","","ALL","2009","0.79"
"MNE","","ALL","2010","0.79"
"MNE","","ALL","2011","0.8"
"MNE","","ALL","2012","0.8"
"MNE","","ALL","2013","0.8"
"MNE","","ALL","2014","0.8"
"MNE","","ALL","2015","0.81"
"NLD","","ALL","1980","0.8"
"NLD","","ALL","1990","0.83"
"NLD","","ALL","1991","0.84"
"NLD","","ALL","1992","0.84"
"NLD","","ALL","1993","0.84"
"NLD","","ALL","1994","0.86"
"NLD","","ALL","1995","0.86"
"NLD","","ALL","1996","0.87"
"NLD","","ALL","1997","0.87"
"NLD","","ALL","1998","0.87"
"NLD","","ALL","1999","0.87"
"NLD","","ALL","2000","0.88"
"NLD","","ALL","2001","0.88"
"NLD","","ALL","2002","0.88"
"NLD","","ALL","2003","0.88"
"NLD","","ALL","2004","0.89"
"NLD","","ALL","2005","0.89"
"NLD","","ALL","2006","0.9"
"NLD","","ALL","2007","0.9"
"NLD","","ALL","2008","0.91"
"NLD","","ALL","2009","0.91"
"NLD","","ALL","2010","0.91"
"NLD","","ALL","2011","0.92"
"NLD","","ALL","2012","0.92"
"NLD","","ALL","2013","0.92"
"NLD","","ALL","2014","0.92"
"NLD","","ALL","2015","0.92"
"NOR","","ALL","1980","0.8"
"NOR","","ALL","1990","0.85"
"NOR","","ALL","1991","0.86"
"NOR","","ALL","1992","0.86"
"NOR","","ALL","1993","0.87"
"NOR","","ALL","1994","0.88"
"NOR","","ALL","1995","0.88"
"NOR","","ALL","1996","0.89"
"NOR","","ALL","1997","0.9"
"NOR","","ALL","1998","0.91"
"NOR","","ALL","1999","0.91"
"NOR","","ALL","2000","0.92"
"NOR","","ALL","2001","0.92"
"NOR","","ALL","2002","0.92"
"NOR","","ALL","2003","0.92"
"NOR","","ALL","2004","0.93"
"NOR","","ALL","2005","0.93"
"NOR","","ALL","2006","0.93"
"NOR","","ALL","2007","0.94"
"NOR","","ALL","2008","0.94"
"NOR","","ALL","2009","0.94"
"NOR","","ALL","2010","0.94"
"NOR","","ALL","2011","0.94"
"NOR","","ALL","2012","0.94"
"NOR","","ALL","2013","0.94"
"NOR","","ALL","2014","0.95"
"NOR","","ALL","2015","0.95"
"","NORDIC","ALL","1980","0.79"
"","NORDIC","ALL","1990","0.81"
"","NORDIC","ALL","1991","0.81"
"","NORDIC","ALL","1992","0.82"
"","NORDIC","ALL","1993","0.83"
"","NORDIC","ALL","1994","0.84"
"","NORDIC","ALL","1995","0.85"
"","NORDIC","ALL","1996","0.85"
"","NORDIC","ALL","1997","0.86"
"","NORDIC","ALL","1998","0.86"
"","NORDIC","ALL","1999","0.87"
"","NORDIC","ALL","2000","0.88"
"","NORDIC","ALL","2001","0.88"
"","NORDIC","ALL","2002","0.88"
"","NORDIC","ALL","2003","0.89"
"","NORDIC","ALL","2004","0.89"
"","NORDIC","ALL","2005","0.9"
"","NORDIC","ALL","2006","0.9"
"","NORDIC","ALL","2007","0.9"
"","NORDIC","ALL","2008","0.9"
"","NORDIC","ALL","2009","0.9"
"","NORDIC","ALL","2010","0.9"
"","NORDIC","ALL","2011","0.91"
"","NORDIC","ALL","2012","0.91"
"","NORDIC","ALL","2013","0.92"
"","NORDIC","ALL","2014","0.92"
"","NORDIC","ALL","2015","0.92"
"POL","","ALL","1990","0.71"
"POL","","ALL","1991","0.71"
"POL","","ALL","1992","0.71"
"POL","","ALL","1993","0.72"
"POL","","ALL","1994","0.73"
"POL","","ALL","1995","0.74"
"POL","","ALL","1996","0.75"
"POL","","ALL","1997","0.76"
"POL","","ALL","1998","0.77"
"POL","","ALL","1999","0.78"
"POL","","ALL","2000","0.78"
"POL","","ALL","2001","0.79"
"POL","","ALL","2002","0.8"
"POL","","ALL","2003","0.8"
"POL","","ALL","2004","0.8"
"POL","","ALL","2005","0.8"
"POL","","ALL","2006","0.81"
"POL","","ALL","2007","0.81"
"POL","","ALL","2008","0.82"
"POL","","ALL","2009","0.82"
"POL","","ALL","2010","0.83"
"POL","","ALL","2011","0.83"
"POL","","ALL","2012","0.84"
"POL","","ALL","2013","0.85"
"POL","","ALL","2014","0.85"
"POL","","ALL","2015","0.86"
"PRT","","ALL","1980","0.64"
"PRT","","ALL","1990","0.71"
"PRT","","ALL","1991","0.72"
"PRT","","ALL","1992","0.73"
"PRT","","ALL","1993","0.74"
"PRT","","ALL","1994","0.75"
"PRT","","ALL","1995","0.76"
"PRT","","ALL","1996","0.77"
"PRT","","ALL","1997","0.77"
"PRT","","ALL","1998","0.78"
"PRT","","ALL","1999","0.78"
"PRT","","ALL","2000","0.78"
"PRT","","ALL","2001","0.79"
"PRT","","ALL","2002","0.79"
"PRT","","ALL","2003","0.79"
"PRT","","ALL","2004","0.79"
"PRT","","ALL","2005","0.79"
"PRT","","ALL","2006","0.8"
"PRT","","ALL","2007","0.8"
"PRT","","ALL","2008","0.81"
"PRT","","ALL","2009","0.81"
"PRT","","ALL","2010","0.82"
"PRT","","ALL","2011","0.82"
"PRT","","ALL","2012","0.83"
"PRT","","ALL","2013","0.84"
"PRT","","ALL","2014","0.84"
"PRT","","ALL","2015","0.84"
"ROU","","ALL","1990","0.7"
"ROU","","ALL","1991","0.69"
"ROU","","ALL","1992","0.68"
"ROU","","ALL","1993","0.68"
"ROU","","ALL","1994","0.68"
"ROU","","ALL","1995","0.69"
"ROU","","ALL","1996","0.69"
"ROU","","ALL","1997","0.7"
"ROU","","ALL","1998","0.7"
"ROU","","ALL","1999","0.7"
"ROU","","ALL","2000","0.71"
"ROU","","ALL","2001","0.71"
"ROU","","ALL","2002","0.72"
"ROU","","ALL","2003","0.73"
"ROU","","ALL","2004","0.74"
"ROU","","ALL","2005","0.76"
"ROU","","ALL","2006","0.77"
"ROU","","ALL","2007","0.78"
"ROU","","ALL","2008","0.8"
"ROU","","ALL","2009","0.8"
"ROU","","ALL","2010","0.8"
"ROU","","ALL","2011","0.8"
"ROU","","ALL","2012","0.79"
"ROU","","ALL","2013","0.8"
"ROU","","ALL","2014","0.8"
"ROU","","ALL","2015","0.8"
"RUS","","ALL","1990","0.73"
"RUS","","ALL","1991","0.73"
"RUS","","ALL","1992","0.72"
"RUS","","ALL","1993","0.71"
"RUS","","ALL","1994","0.7"
"RUS","","ALL","1995","0.7"
"RUS","","ALL","1996","0.7"
"RUS","","ALL","1997","0.7"
"RUS","","ALL","1998","0.7"
"RUS","","ALL","1999","0.71"
"RUS","","ALL","2000","0.72"
"RUS","","ALL","2001","0.73"
"RUS","","ALL","2002","0.73"
"RUS","","ALL","2003","0.74"
"RUS","","ALL","2004","0.75"
"RUS","","ALL","2005","0.75"
"RUS","","ALL","2006","0.76"
"RUS","","ALL","2007","0.77"
"RUS","","ALL","2008","0.78"
"RUS","","ALL","2009","0.77"
"RUS","","ALL","2010","0.78"
"RUS","","ALL","2011","0.79"
"RUS","","ALL","2012","0.8"
"RUS","","ALL","2013","0.8"
"RUS","","ALL","2014","0.8"
"RUS","","ALL","2015","0.8"
"","SEEHN","ALL","1990","0.71"
"","SEEHN","ALL","1991","0.7"
"","SEEHN","ALL","1992","0.69"
"","SEEHN","ALL","1993","0.69"
"","SEEHN","ALL","1994","0.7"
"","SEEHN","ALL","1995","0.7"
"","SEEHN","ALL","1996","0.71"
"","SEEHN","ALL","1997","0.71"
"","SEEHN","ALL","1998","0.71"
"","SEEHN","ALL","1999","0.72"
"","SEEHN","ALL","2000","0.72"
"","SEEHN","ALL","2001","0.73"
"","SEEHN","ALL","2002","0.74"
"","SEEHN","ALL","2003","0.74"
"","SEEHN","ALL","2004","0.75"
"","SEEHN","ALL","2005","0.76"
"","SEEHN","ALL","2006","0.77"
"","SEEHN","ALL","2007","0.78"
"","SEEHN","ALL","2008","0.79"
"","SEEHN","ALL","2009","0.79"
"","SEEHN","ALL","2010","0.79"
"","SEEHN","ALL","2011","0.8"
"","SEEHN","ALL","2012","0.8"
"","SEEHN","ALL","2013","0.8"
"","SEEHN","ALL","2014","0.8"
"","SEEHN","ALL","2015","0.81"
"","SMALL","ALL","1980","0.73"
"","SMALL","ALL","1990","0.75"
"","SMALL","ALL","1991","0.76"
"","SMALL","ALL","1992","0.76"
"","SMALL","ALL","1993","0.77"
"","SMALL","ALL","1994","0.78"
"","SMALL","ALL","1995","0.78"
"","SMALL","ALL","1996","0.78"
"","SMALL","ALL","1997","0.78"
"","SMALL","ALL","1998","0.79"
"","SMALL","ALL","1999","0.8"
"","SMALL","ALL","2000","0.8"
"","SMALL","ALL","2001","0.8"
"","SMALL","ALL","2002","0.81"
"","SMALL","ALL","2003","0.81"
"","SMALL","ALL","2004","0.82"
"","SMALL","ALL","2005","0.82"
"","SMALL","ALL","2006","0.83"
"","SMALL","ALL","2007","0.84"
"","SMALL","ALL","2008","0.84"
"","SMALL","ALL","2009","0.84"
"","SMALL","ALL","2010","0.84"
"","SMALL","ALL","2011","0.85"
"","SMALL","ALL","2012","0.85"
"","SMALL","ALL","2013","0.86"
"","SMALL","ALL","2014","0.86"
"","SMALL","ALL","2015","0.86"
"SRB","","ALL","1990","0.71"
"SRB","","ALL","1991","0.71"
"SRB","","ALL","1992","0.7"
"SRB","","ALL","1993","0.68"
"SRB","","ALL","1994","0.69"
"SRB","","ALL","1995","0.69"
"SRB","","ALL","1996","0.7"
"SRB","","ALL","1997","0.7"
"SRB","","ALL","1998","0.71"
"SRB","","ALL","1999","0.7"
"SRB","","ALL","2000","0.71"
"SRB","","ALL","2001","0.72"
"SRB","","ALL","2002","0.72"
"SRB","","ALL","2003","0.72"
"SRB","","ALL","2004","0.73"
"SRB","","ALL","2005","0.74"
"SRB","","ALL","2006","0.74"
"SRB","","ALL","2007","0.75"
"SRB","","ALL","2008","0.75"
"SRB","","ALL","2009","0.76"
"SRB","","ALL","2010","0.76"
"SRB","","ALL","2011","0.77"
"SRB","","ALL","2012","0.77"
"SRB","","ALL","2013","0.77"
"SRB","","ALL","2014","0.78"
"SRB","","ALL","2015","0.78"
"SVK","","ALL","1990","0.74"
"SVK","","ALL","1991","0.73"
"SVK","","ALL","1992","0.73"
"SVK","","ALL","1993","0.74"
"SVK","","ALL","1994","0.74"
"SVK","","ALL","1995","0.75"
"SVK","","ALL","1996","0.75"
"SVK","","ALL","1997","0.76"
"SVK","","ALL","1998","0.76"
"SVK","","ALL","1999","0.76"
"SVK","","ALL","2000","0.76"
"SVK","","ALL","2001","0.76"
"SVK","","ALL","2002","0.77"
"SVK","","ALL","2003","0.78"
"SVK","","ALL","2004","0.78"
"SVK","","ALL","2005","0.79"
"SVK","","ALL","2006","0.8"
"SVK","","ALL","2007","0.81"
"SVK","","ALL","2008","0.82"
"SVK","","ALL","2009","0.82"
"SVK","","ALL","2010","0.83"
"SVK","","ALL","2011","0.84"
"SVK","","ALL","2012","0.84"
"SVK","","ALL","2013","0.84"
"SVK","","ALL","2014","0.84"
"SVK","","ALL","2015","0.84"
"SVN","","ALL","1990","0.77"
"SVN","","ALL","1991","0.76"
"SVN","","ALL","1992","0.77"
"SVN","","ALL","1993","0.77"
"SVN","","ALL","1994","0.78"
"SVN","","ALL","1995","0.78"
"SVN","","ALL","1996","0.79"
"SVN","","ALL","1997","0.8"
"SVN","","ALL","1998","0.8"
"SVN","","ALL","1999","0.82"
"SVN","","ALL","2000","0.82"
"SVN","","ALL","2001","0.84"
"SVN","","ALL","2002","0.84"
"SVN","","ALL","2003","0.85"
"SVN","","ALL","2004","0.85"
"SVN","","ALL","2005","0.86"
"SVN","","ALL","2006","0.86"
"SVN","","ALL","2007","0.87"
"SVN","","ALL","2008","0.87"
"SVN","","ALL","2009","0.87"
"SVN","","ALL","2010","0.88"
"SVN","","ALL","2011","0.88"
"SVN","","ALL","2012","0.88"
"SVN","","ALL","2013","0.89"
"SVN","","ALL","2014","0.89"
"SVN","","ALL","2015","0.89"
"SWE","","ALL","1980","0.79"
"SWE","","ALL","1990","0.81"
"SWE","","ALL","1991","0.82"
"SWE","","ALL","1992","0.82"
"SWE","","ALL","1993","0.84"
"SWE","","ALL","1994","0.85"
"SWE","","ALL","1995","0.86"
"SWE","","ALL","1996","0.86"
"SWE","","ALL","1997","0.86"
"SWE","","ALL","1998","0.87"
"SWE","","ALL","1999","0.87"
"SWE","","ALL","2000","0.88"
"SWE","","ALL","2001","0.88"
"SWE","","ALL","2002","0.88"
"SWE","","ALL","2003","0.89"
"SWE","","ALL","2004","0.89"
"SWE","","ALL","2005","0.89"
"SWE","","ALL","2006","0.9"
"SWE","","ALL","2007","0.9"
"SWE","","ALL","2008","0.9"
"SWE","","ALL","2009","0.9"
"SWE","","ALL","2010","0.9"
"SWE","","ALL","2011","0.9"
"SWE","","ALL","2012","0.9"
"SWE","","ALL","2013","0.91"
"SWE","","ALL","2014","0.91"
"SWE","","ALL","2015","0.91"
"TJK","","ALL","1990","0.62"
"TJK","","ALL","1991","0.61"
"TJK","","ALL","1992","0.59"
"TJK","","ALL","1993","0.57"
"TJK","","ALL","1994","0.55"
"TJK","","ALL","1995","0.54"
"TJK","","ALL","1996","0.52"
"TJK","","ALL","1997","0.53"
"TJK","","ALL","1998","0.53"
"TJK","","ALL","1999","0.53"
"TJK","","ALL","2000","0.54"
"TJK","","ALL","2001","0.54"
"TJK","","ALL","2002","0.55"
"TJK","","ALL","2003","0.56"
"TJK","","ALL","2004","0.57"
"TJK","","ALL","2005","0.58"
"TJK","","ALL","2006","0.59"
"TJK","","ALL","2007","0.59"
"TJK","","ALL","2008","0.6"
"TJK","","ALL","2009","0.6"
"TJK","","ALL","2010","0.61"
"TJK","","ALL","2011","0.61"
"TJK","","ALL","2012","0.62"
"TJK","","ALL","2013","0.62"
"TJK","","ALL","2014","0.62"
"TJK","","ALL","2015","0.63"
"TKM","","ALL","2010","0.66"
"TKM","","ALL","2011","0.67"
"TKM","","ALL","2012","0.68"
"TKM","","ALL","2013","0.68"
"TKM","","ALL","2014","0.69"
"TKM","","ALL","2015","0.69"
"TUR","","ALL","1980","0.47"
"TUR","","ALL","1990","0.58"
"TUR","","ALL","1991","0.58"
"TUR","","ALL","1992","0.59"
"TUR","","ALL","1993","0.59"
"TUR","","ALL","1994","0.6"
"TUR","","ALL","1995","0.6"
"TUR","","ALL","1996","0.61"
"TUR","","ALL","1997","0.62"
"TUR","","ALL","1998","0.63"
"TUR","","ALL","1999","0.64"
"TUR","","ALL","2000","0.65"
"TUR","","ALL","2001","0.66"
"TUR","","ALL","2002","0.67"
"TUR","","ALL","2003","0.68"
"TUR","","ALL","2004","0.68"
"TUR","","ALL","2005","0.69"
"TUR","","ALL","2006","0.7"
"TUR","","ALL","2007","0.7"
"TUR","","ALL","2008","0.71"
"TUR","","ALL","2009","0.72"
"TUR","","ALL","2010","0.74"
"TUR","","ALL","2011","0.75"
"TUR","","ALL","2012","0.75"
"TUR","","ALL","2013","0.76"
"TUR","","ALL","2014","0.76"
"TUR","","ALL","2015","0.77"
"UKR","","ALL","1990","0.71"
"UKR","","ALL","1991","0.7"
"UKR","","ALL","1992","0.69"
"UKR","","ALL","1993","0.68"
"UKR","","ALL","1994","0.67"
"UKR","","ALL","1995","0.66"
"UKR","","ALL","1996","0.66"
"UKR","","ALL","1997","0.66"
"UKR","","ALL","1998","0.66"
"UKR","","ALL","1999","0.67"
"UKR","","ALL","2000","0.67"
"UKR","","ALL","2001","0.68"
"UKR","","ALL","2002","0.69"
"UKR","","ALL","2003","0.7"
"UKR","","ALL","2004","0.71"
"UKR","","ALL","2005","0.72"
"UKR","","ALL","2006","0.72"
"UKR","","ALL","2007","0.73"
"UKR","","ALL","2008","0.73"
"UKR","","ALL","2009","0.73"
"UKR","","ALL","2010","0.73"
"UKR","","ALL","2011","0.74"
"UKR","","ALL","2012","0.74"
"UKR","","ALL","2013","0.75"
"UKR","","ALL","2014","0.75"
"UKR","","ALL","2015","0.74"
"UZB","","ALL","2000","0.59"
"UZB","","ALL","2001","0.6"
"UZB","","ALL","2002","0.61"
"UZB","","ALL","2003","0.61"
"UZB","","ALL","2004","0.62"
"UZB","","ALL","2005","0.63"
"UZB","","ALL","2006","0.63"
"UZB","","ALL","2007","0.64"
"UZB","","ALL","2008","0.65"
"UZB","","ALL","2009","0.66"
"UZB","","ALL","2010","0.66"
"UZB","","ALL","2011","0.67"
"UZB","","ALL","2012","0.68"
"UZB","","ALL","2013","0.69"
"UZB","","ALL","2014","0.7"
"UZB","","ALL","2015","0.7"
"","WESTERN_BALKANS","ALL","2003","0.71"
"","WESTERN_BALKANS","ALL","2004","0.71"
"","WESTERN_BALKANS","ALL","2005","0.72"
"","WESTERN_BALKANS","ALL","2006","0.73"
"","WESTERN_BALKANS","ALL","2007","0.73"
"","WESTERN_BALKANS","ALL","2008","0.74"
"","WESTERN_BALKANS","ALL","2009","0.74"
"","WESTERN_BALKANS","ALL","2010","0.74"
"","WESTERN_BALKANS","ALL","2011","0.76"
"","WESTERN_BALKANS","ALL","2012","0.76"
"","WESTERN_BALKANS","ALL","2013","0.76"
"","WESTERN_BALKANS","ALL","2014","0.77"
"","WESTERN_BALKANS","ALL","2015","0.77"
"","WHO_EURO","ALL","1990","0.73"
"","WHO_EURO","ALL","1991","0.73"
"","WHO_EURO","ALL","1992","0.73"
"","WHO_EURO","ALL","1993","0.73"
"","WHO_EURO","ALL","1994","0.73"
"","WHO_EURO","ALL","1995","0.74"
"","WHO_EURO","ALL","1996","0.74"
"","WHO_EURO","ALL","1997","0.74"
"","WHO_EURO","ALL","1998","0.75"
"","WHO_EURO","ALL","1999","0.75"
"","WHO_EURO","ALL","2000","0.76"
"","WHO_EURO","ALL","2001","0.77"
"","WHO_EURO","ALL","2002","0.77"
"","WHO_EURO","ALL","2003","0.78"
"","WHO_EURO","ALL","2004","0.78"
"","WHO_EURO","ALL","2005","0.79"
"","WHO_EURO","ALL","2006","0.8"
"","WHO_EURO","ALL","2007","0.8"
"","WHO_EURO","ALL","2008","0.8"
"","WHO_EURO","ALL","2009","0.8"
"","WHO_EURO","ALL","2010","0.81"
"","WHO_EURO","ALL","2011","0.82"
"","WHO_EURO","ALL","2012","0.82"
"","WHO_EURO","ALL","2013","0.82"
"","WHO_EURO","ALL","2014","0.83"
"","WHO_EURO","ALL","2015","0.83"

"Last update","2024.10.07 14:30:52 GMT"
"Description","UNDP Human Development Index (HDI)"
"Reference link","https://dw.euro.who.int/api/v3/measures/HFA_42?lang=En"

"Copyright"
"© WHO Regional Office for Europe 2025. All rights reserved.","https://www.who.int/about/policies/publishing/copyright"
